cluster,keyword,language,intent,page,priority,evidence,metric_note
"Product category discovery","rings Bangladesh","English","Transactional","/en/categories/rings/","High","Public Bangladesh jewelry category terminology and search-result language.","Public-data research: exact monthly volume, CPC, and keyword difficulty not verified."
"Product category discovery","rings online Bangladesh","English","Transactional","/en/categories/rings/","High","Public Bangladesh jewelry category terminology and search-result language.","Public-data research: exact monthly volume, CPC, and keyword difficulty not verified."
"Product category discovery","rings shop Bangladesh","English","Commercial","/en/categories/rings/","High","Public Bangladesh jewelry category terminology and search-result language.","Public-data research: exact monthly volume, CPC, and keyword difficulty not verified."
"Product category discovery","rings for women Bangladesh","English","Commercial","/en/categories/rings/","High","Public Bangladesh jewelry category terminology and search-result language.","Public-data research: exact monthly volume, CPC, and keyword difficulty not verified."
"Product category discovery","rings new design Bangladesh","English","Commercial","/en/categories/rings/","Medium","Public Bangladesh jewelry category terminology and search-result language.","Public-data research: exact monthly volume, CPC, and keyword difficulty not verified."
"Product category discovery","rings gift Bangladesh","English","Commercial","/en/categories/rings/","Medium","Public Bangladesh jewelry category terminology and search-result language.","Public-data research: exact monthly volume, CPC, and keyword difficulty not verified."
"Product category discovery","আংটি অনলাইন","Bengali","Transactional","/en/categories/rings/","High","Public Bangladesh jewelry category terminology and search-result language.","Public-data research: exact monthly volume, CPC, and keyword difficulty not verified."
"Product category discovery","আংটি বাংলাদেশ","Bengali","Transactional","/en/categories/rings/","High","Public Bangladesh jewelry category terminology and search-result language.","Public-data research: exact monthly volume, CPC, and keyword difficulty not verified."
"Product category discovery","আংটি নতুন ডিজাইন","Bengali","Commercial","/en/categories/rings/","Medium","Public Bangladesh jewelry category terminology and search-result language.","Public-data research: exact monthly volume, CPC, and keyword difficulty not verified."
"Product category discovery","আংটি দাম বাংলাদেশ","Bengali","Commercial","/en/categories/rings/","Medium","Public Bangladesh jewelry category terminology and search-result language.","Public-data research: exact monthly volume, CPC, and keyword difficulty not verified."
"Product category discovery","earrings Bangladesh","English","Transactional","/en/categories/earrings/","High","Public Bangladesh jewelry category terminology and search-result language.","Public-data research: exact monthly volume, CPC, and keyword difficulty not verified."
"Product category discovery","earrings online Bangladesh","English","Transactional","/en/categories/earrings/","High","Public Bangladesh jewelry category terminology and search-result language.","Public-data research: exact monthly volume, CPC, and keyword difficulty not verified."
"Product category discovery","earrings shop Bangladesh","English","Commercial","/en/categories/earrings/","High","Public Bangladesh jewelry category terminology and search-result language.","Public-data research: exact monthly volume, CPC, and keyword difficulty not verified."
"Product category discovery","earrings for women Bangladesh","English","Commercial","/en/categories/earrings/","High","Public Bangladesh jewelry category terminology and search-result language.","Public-data research: exact monthly volume, CPC, and keyword difficulty not verified."
"Product category discovery","earrings new design Bangladesh","English","Commercial","/en/categories/earrings/","Medium","Public Bangladesh jewelry category terminology and search-result language.","Public-data research: exact monthly volume, CPC, and keyword difficulty not verified."
"Product category discovery","earrings gift Bangladesh","English","Commercial","/en/categories/earrings/","Medium","Public Bangladesh jewelry category terminology and search-result language.","Public-data research: exact monthly volume, CPC, and keyword difficulty not verified."
"Product category discovery","কানের দুল অনলাইন","Bengali","Transactional","/en/categories/earrings/","High","Public Bangladesh jewelry category terminology and search-result language.","Public-data research: exact monthly volume, CPC, and keyword difficulty not verified."
"Product category discovery","কানের দুল বাংলাদেশ","Bengali","Transactional","/en/categories/earrings/","High","Public Bangladesh jewelry category terminology and search-result language.","Public-data research: exact monthly volume, CPC, and keyword difficulty not verified."
"Product category discovery","কানের দুল নতুন ডিজাইন","Bengali","Commercial","/en/categories/earrings/","Medium","Public Bangladesh jewelry category terminology and search-result language.","Public-data research: exact monthly volume, CPC, and keyword difficulty not verified."
"Product category discovery","কানের দুল দাম বাংলাদেশ","Bengali","Commercial","/en/categories/earrings/","Medium","Public Bangladesh jewelry category terminology and search-result language.","Public-data research: exact monthly volume, CPC, and keyword difficulty not verified."
"Product category discovery","necklaces Bangladesh","English","Transactional","/en/categories/necklaces/","High","Public Bangladesh jewelry category terminology and search-result language.","Public-data research: exact monthly volume, CPC, and keyword difficulty not verified."
"Product category discovery","necklaces online Bangladesh","English","Transactional","/en/categories/necklaces/","High","Public Bangladesh jewelry category terminology and search-result language.","Public-data research: exact monthly volume, CPC, and keyword difficulty not verified."
"Product category discovery","necklaces shop Bangladesh","English","Commercial","/en/categories/necklaces/","High","Public Bangladesh jewelry category terminology and search-result language.","Public-data research: exact monthly volume, CPC, and keyword difficulty not verified."
"Product category discovery","necklaces for women Bangladesh","English","Commercial","/en/categories/necklaces/","High","Public Bangladesh jewelry category terminology and search-result language.","Public-data research: exact monthly volume, CPC, and keyword difficulty not verified."
"Product category discovery","necklaces new design Bangladesh","English","Commercial","/en/categories/necklaces/","Medium","Public Bangladesh jewelry category terminology and search-result language.","Public-data research: exact monthly volume, CPC, and keyword difficulty not verified."
"Product category discovery","necklaces gift Bangladesh","English","Commercial","/en/categories/necklaces/","Medium","Public Bangladesh jewelry category terminology and search-result language.","Public-data research: exact monthly volume, CPC, and keyword difficulty not verified."
"Product category discovery","হার অনলাইন","Bengali","Transactional","/en/categories/necklaces/","High","Public Bangladesh jewelry category terminology and search-result language.","Public-data research: exact monthly volume, CPC, and keyword difficulty not verified."
"Product category discovery","হার বাংলাদেশ","Bengali","Transactional","/en/categories/necklaces/","High","Public Bangladesh jewelry category terminology and search-result language.","Public-data research: exact monthly volume, CPC, and keyword difficulty not verified."
"Product category discovery","হার নতুন ডিজাইন","Bengali","Commercial","/en/categories/necklaces/","Medium","Public Bangladesh jewelry category terminology and search-result language.","Public-data research: exact monthly volume, CPC, and keyword difficulty not verified."
"Product category discovery","হার দাম বাংলাদেশ","Bengali","Commercial","/en/categories/necklaces/","Medium","Public Bangladesh jewelry category terminology and search-result language.","Public-data research: exact monthly volume, CPC, and keyword difficulty not verified."
"Product category discovery","bracelets Bangladesh","English","Transactional","/en/categories/bracelets/","High","Public Bangladesh jewelry category terminology and search-result language.","Public-data research: exact monthly volume, CPC, and keyword difficulty not verified."
"Product category discovery","bracelets online Bangladesh","English","Transactional","/en/categories/bracelets/","High","Public Bangladesh jewelry category terminology and search-result language.","Public-data research: exact monthly volume, CPC, and keyword difficulty not verified."
"Product category discovery","bracelets shop Bangladesh","English","Commercial","/en/categories/bracelets/","High","Public Bangladesh jewelry category terminology and search-result language.","Public-data research: exact monthly volume, CPC, and keyword difficulty not verified."
"Product category discovery","bracelets for women Bangladesh","English","Commercial","/en/categories/bracelets/","High","Public Bangladesh jewelry category terminology and search-result language.","Public-data research: exact monthly volume, CPC, and keyword difficulty not verified."
"Product category discovery","bracelets new design Bangladesh","English","Commercial","/en/categories/bracelets/","Medium","Public Bangladesh jewelry category terminology and search-result language.","Public-data research: exact monthly volume, CPC, and keyword difficulty not verified."
"Product category discovery","bracelets gift Bangladesh","English","Commercial","/en/categories/bracelets/","Medium","Public Bangladesh jewelry category terminology and search-result language.","Public-data research: exact monthly volume, CPC, and keyword difficulty not verified."
"Product category discovery","ব্রেসলেট অনলাইন","Bengali","Transactional","/en/categories/bracelets/","High","Public Bangladesh jewelry category terminology and search-result language.","Public-data research: exact monthly volume, CPC, and keyword difficulty not verified."
"Product category discovery","ব্রেসলেট বাংলাদেশ","Bengali","Transactional","/en/categories/bracelets/","High","Public Bangladesh jewelry category terminology and search-result language.","Public-data research: exact monthly volume, CPC, and keyword difficulty not verified."
"Product category discovery","ব্রেসলেট নতুন ডিজাইন","Bengali","Commercial","/en/categories/bracelets/","Medium","Public Bangladesh jewelry category terminology and search-result language.","Public-data research: exact monthly volume, CPC, and keyword difficulty not verified."
"Product category discovery","ব্রেসলেট দাম বাংলাদেশ","Bengali","Commercial","/en/categories/bracelets/","Medium","Public Bangladesh jewelry category terminology and search-result language.","Public-data research: exact monthly volume, CPC, and keyword difficulty not verified."
"Product category discovery","bangles Bangladesh","English","Transactional","/en/categories/bangles/","High","Public Bangladesh jewelry category terminology and search-result language.","Public-data research: exact monthly volume, CPC, and keyword difficulty not verified."
"Product category discovery","bangles online Bangladesh","English","Transactional","/en/categories/bangles/","High","Public Bangladesh jewelry category terminology and search-result language.","Public-data research: exact monthly volume, CPC, and keyword difficulty not verified."
"Product category discovery","bangles shop Bangladesh","English","Commercial","/en/categories/bangles/","High","Public Bangladesh jewelry category terminology and search-result language.","Public-data research: exact monthly volume, CPC, and keyword difficulty not verified."
"Product category discovery","bangles for women Bangladesh","English","Commercial","/en/categories/bangles/","High","Public Bangladesh jewelry category terminology and search-result language.","Public-data research: exact monthly volume, CPC, and keyword difficulty not verified."
"Product category discovery","bangles new design Bangladesh","English","Commercial","/en/categories/bangles/","Medium","Public Bangladesh jewelry category terminology and search-result language.","Public-data research: exact monthly volume, CPC, and keyword difficulty not verified."
"Product category discovery","bangles gift Bangladesh","English","Commercial","/en/categories/bangles/","Medium","Public Bangladesh jewelry category terminology and search-result language.","Public-data research: exact monthly volume, CPC, and keyword difficulty not verified."
"Product category discovery","চুড়ি অনলাইন","Bengali","Transactional","/en/categories/bangles/","High","Public Bangladesh jewelry category terminology and search-result language.","Public-data research: exact monthly volume, CPC, and keyword difficulty not verified."
"Product category discovery","চুড়ি বাংলাদেশ","Bengali","Transactional","/en/categories/bangles/","High","Public Bangladesh jewelry category terminology and search-result language.","Public-data research: exact monthly volume, CPC, and keyword difficulty not verified."
"Product category discovery","চুড়ি নতুন ডিজাইন","Bengali","Commercial","/en/categories/bangles/","Medium","Public Bangladesh jewelry category terminology and search-result language.","Public-data research: exact monthly volume, CPC, and keyword difficulty not verified."
"Product category discovery","চুড়ি দাম বাংলাদেশ","Bengali","Commercial","/en/categories/bangles/","Medium","Public Bangladesh jewelry category terminology and search-result language.","Public-data research: exact monthly volume, CPC, and keyword difficulty not verified."
"Product category discovery","pendants Bangladesh","English","Transactional","/en/categories/pendants/","High","Public Bangladesh jewelry category terminology and search-result language.","Public-data research: exact monthly volume, CPC, and keyword difficulty not verified."
"Product category discovery","pendants online Bangladesh","English","Transactional","/en/categories/pendants/","High","Public Bangladesh jewelry category terminology and search-result language.","Public-data research: exact monthly volume, CPC, and keyword difficulty not verified."
"Product category discovery","pendants shop Bangladesh","English","Commercial","/en/categories/pendants/","High","Public Bangladesh jewelry category terminology and search-result language.","Public-data research: exact monthly volume, CPC, and keyword difficulty not verified."
"Product category discovery","pendants for women Bangladesh","English","Commercial","/en/categories/pendants/","High","Public Bangladesh jewelry category terminology and search-result language.","Public-data research: exact monthly volume, CPC, and keyword difficulty not verified."
"Product category discovery","pendants new design Bangladesh","English","Commercial","/en/categories/pendants/","Medium","Public Bangladesh jewelry category terminology and search-result language.","Public-data research: exact monthly volume, CPC, and keyword difficulty not verified."
"Product category discovery","pendants gift Bangladesh","English","Commercial","/en/categories/pendants/","Medium","Public Bangladesh jewelry category terminology and search-result language.","Public-data research: exact monthly volume, CPC, and keyword difficulty not verified."
"Product category discovery","লকেট অনলাইন","Bengali","Transactional","/en/categories/pendants/","High","Public Bangladesh jewelry category terminology and search-result language.","Public-data research: exact monthly volume, CPC, and keyword difficulty not verified."
"Product category discovery","লকেট বাংলাদেশ","Bengali","Transactional","/en/categories/pendants/","High","Public Bangladesh jewelry category terminology and search-result language.","Public-data research: exact monthly volume, CPC, and keyword difficulty not verified."
"Product category discovery","লকেট নতুন ডিজাইন","Bengali","Commercial","/en/categories/pendants/","Medium","Public Bangladesh jewelry category terminology and search-result language.","Public-data research: exact monthly volume, CPC, and keyword difficulty not verified."
"Product category discovery","লকেট দাম বাংলাদেশ","Bengali","Commercial","/en/categories/pendants/","Medium","Public Bangladesh jewelry category terminology and search-result language.","Public-data research: exact monthly volume, CPC, and keyword difficulty not verified."
"Product category discovery","jewellery sets Bangladesh","English","Transactional","/en/categories/jewellery-sets/","High","Public Bangladesh jewelry category terminology and search-result language.","Public-data research: exact monthly volume, CPC, and keyword difficulty not verified."
"Product category discovery","jewellery sets online Bangladesh","English","Transactional","/en/categories/jewellery-sets/","High","Public Bangladesh jewelry category terminology and search-result language.","Public-data research: exact monthly volume, CPC, and keyword difficulty not verified."
"Product category discovery","jewellery sets shop Bangladesh","English","Commercial","/en/categories/jewellery-sets/","High","Public Bangladesh jewelry category terminology and search-result language.","Public-data research: exact monthly volume, CPC, and keyword difficulty not verified."
"Product category discovery","jewellery sets for women Bangladesh","English","Commercial","/en/categories/jewellery-sets/","High","Public Bangladesh jewelry category terminology and search-result language.","Public-data research: exact monthly volume, CPC, and keyword difficulty not verified."
"Product category discovery","jewellery sets new design Bangladesh","English","Commercial","/en/categories/jewellery-sets/","Medium","Public Bangladesh jewelry category terminology and search-result language.","Public-data research: exact monthly volume, CPC, and keyword difficulty not verified."
"Product category discovery","jewellery sets gift Bangladesh","English","Commercial","/en/categories/jewellery-sets/","Medium","Public Bangladesh jewelry category terminology and search-result language.","Public-data research: exact monthly volume, CPC, and keyword difficulty not verified."
"Product category discovery","জুয়েলারি সেট অনলাইন","Bengali","Transactional","/en/categories/jewellery-sets/","High","Public Bangladesh jewelry category terminology and search-result language.","Public-data research: exact monthly volume, CPC, and keyword difficulty not verified."
"Product category discovery","জুয়েলারি সেট বাংলাদেশ","Bengali","Transactional","/en/categories/jewellery-sets/","High","Public Bangladesh jewelry category terminology and search-result language.","Public-data research: exact monthly volume, CPC, and keyword difficulty not verified."
"Product category discovery","জুয়েলারি সেট নতুন ডিজাইন","Bengali","Commercial","/en/categories/jewellery-sets/","Medium","Public Bangladesh jewelry category terminology and search-result language.","Public-data research: exact monthly volume, CPC, and keyword difficulty not verified."
"Product category discovery","জুয়েলারি সেট দাম বাংলাদেশ","Bengali","Commercial","/en/categories/jewellery-sets/","Medium","Public Bangladesh jewelry category terminology and search-result language.","Public-data research: exact monthly volume, CPC, and keyword difficulty not verified."
"Product category discovery","gift jewellery Bangladesh","English","Transactional","/en/categories/gift-jewellery/","High","Public Bangladesh jewelry category terminology and search-result language.","Public-data research: exact monthly volume, CPC, and keyword difficulty not verified."
"Product category discovery","gift jewellery online Bangladesh","English","Transactional","/en/categories/gift-jewellery/","High","Public Bangladesh jewelry category terminology and search-result language.","Public-data research: exact monthly volume, CPC, and keyword difficulty not verified."
"Product category discovery","gift jewellery shop Bangladesh","English","Commercial","/en/categories/gift-jewellery/","High","Public Bangladesh jewelry category terminology and search-result language.","Public-data research: exact monthly volume, CPC, and keyword difficulty not verified."
"Product category discovery","gift jewellery for women Bangladesh","English","Commercial","/en/categories/gift-jewellery/","High","Public Bangladesh jewelry category terminology and search-result language.","Public-data research: exact monthly volume, CPC, and keyword difficulty not verified."
"Product category discovery","gift jewellery new design Bangladesh","English","Commercial","/en/categories/gift-jewellery/","Medium","Public Bangladesh jewelry category terminology and search-result language.","Public-data research: exact monthly volume, CPC, and keyword difficulty not verified."
"Product category discovery","gift jewellery gift Bangladesh","English","Commercial","/en/categories/gift-jewellery/","Medium","Public Bangladesh jewelry category terminology and search-result language.","Public-data research: exact monthly volume, CPC, and keyword difficulty not verified."
"Product category discovery","উপহারের জুয়েলারি অনলাইন","Bengali","Transactional","/en/categories/gift-jewellery/","High","Public Bangladesh jewelry category terminology and search-result language.","Public-data research: exact monthly volume, CPC, and keyword difficulty not verified."
"Product category discovery","উপহারের জুয়েলারি বাংলাদেশ","Bengali","Transactional","/en/categories/gift-jewellery/","High","Public Bangladesh jewelry category terminology and search-result language.","Public-data research: exact monthly volume, CPC, and keyword difficulty not verified."
"Product category discovery","উপহারের জুয়েলারি নতুন ডিজাইন","Bengali","Commercial","/en/categories/gift-jewellery/","Medium","Public Bangladesh jewelry category terminology and search-result language.","Public-data research: exact monthly volume, CPC, and keyword difficulty not verified."
"Product category discovery","উপহারের জুয়েলারি দাম বাংলাদেশ","Bengali","Commercial","/en/categories/gift-jewellery/","Medium","Public Bangladesh jewelry category terminology and search-result language.","Public-data research: exact monthly volume, CPC, and keyword difficulty not verified."
"Occasion and seasonal discovery","Puja jewellery Bangladesh","English","Commercial","/en/occasions/puja/","High","Public seasonal-query language and verified 2026 Puja calendar.","Public-data research: exact monthly volume, CPC, and keyword difficulty not verified."
"Occasion and seasonal discovery","Puja earrings Bangladesh","English","Commercial","/en/occasions/puja/","High","Public seasonal-query language and verified 2026 Puja calendar.","Public-data research: exact monthly volume, CPC, and keyword difficulty not verified."
"Occasion and seasonal discovery","Puja bangles Bangladesh","English","Commercial","/en/occasions/puja/","High","Public seasonal-query language and verified 2026 Puja calendar.","Public-data research: exact monthly volume, CPC, and keyword difficulty not verified."
"Occasion and seasonal discovery","Puja necklace set Bangladesh","English","Commercial","/en/occasions/puja/","High","Public seasonal-query language and verified 2026 Puja calendar.","Public-data research: exact monthly volume, CPC, and keyword difficulty not verified."
"Occasion and seasonal discovery","Durga Puja jewellery gift","English","Commercial","/en/occasions/puja/","High","Public seasonal-query language and verified 2026 Puja calendar.","Public-data research: exact monthly volume, CPC, and keyword difficulty not verified."
"Occasion and seasonal discovery","Puja jewellery collection 2026","English","Commercial","/en/occasions/puja/","High","Public seasonal-query language and verified 2026 Puja calendar.","Public-data research: exact monthly volume, CPC, and keyword difficulty not verified."
"Occasion and seasonal discovery","পূজার জুয়েলারি","Bengali","Commercial","/en/occasions/puja/","High","Public seasonal-query language and verified 2026 Puja calendar.","Public-data research: exact monthly volume, CPC, and keyword difficulty not verified."
"Occasion and seasonal discovery","দুর্গা পূজা জুয়েলারি","Bengali","Commercial","/en/occasions/puja/","High","Public seasonal-query language and verified 2026 Puja calendar.","Public-data research: exact monthly volume, CPC, and keyword difficulty not verified."
"Occasion and seasonal discovery","পূজার কানের দুল","Bengali","Commercial","/en/occasions/puja/","High","Public seasonal-query language and verified 2026 Puja calendar.","Public-data research: exact monthly volume, CPC, and keyword difficulty not verified."
"Occasion and seasonal discovery","পূজার চুড়ি","Bengali","Commercial","/en/occasions/puja/","High","Public seasonal-query language and verified 2026 Puja calendar.","Public-data research: exact monthly volume, CPC, and keyword difficulty not verified."
"Occasion and seasonal discovery","পূজার উপহার জুয়েলারি","Bengali","Commercial","/en/occasions/puja/","High","Public seasonal-query language and verified 2026 Puja calendar.","Public-data research: exact monthly volume, CPC, and keyword difficulty not verified."
"Occasion and seasonal discovery","পূজা লুক জুয়েলারি","Bengali","Informational","/en/occasions/puja/","High","Public seasonal-query language and verified 2026 Puja calendar.","Public-data research: exact monthly volume, CPC, and keyword difficulty not verified."
"Occasion and seasonal discovery","bridal jewellery Bangladesh","English","Commercial","/en/occasions/bridal/","High","Public seasonal-query language and verified 2026 Puja calendar.","Public-data research: exact monthly volume, CPC, and keyword difficulty not verified."
"Occasion and seasonal discovery","wedding jewellery set Bangladesh","English","Transactional","/en/occasions/bridal/","High","Public seasonal-query language and verified 2026 Puja calendar.","Public-data research: exact monthly volume, CPC, and keyword difficulty not verified."
"Occasion and seasonal discovery","বিয়ের জুয়েলারি","Bengali","Commercial","/en/occasions/bridal/","High","Public seasonal-query language and verified 2026 Puja calendar.","Public-data research: exact monthly volume, CPC, and keyword difficulty not verified."
"Occasion and seasonal discovery","ব্রাইডাল জুয়েলারি সেট","Bengali","Commercial","/en/occasions/bridal/","High","Public seasonal-query language and verified 2026 Puja calendar.","Public-data research: exact monthly volume, CPC, and keyword difficulty not verified."
"Occasion and seasonal discovery","anniversary jewellery gift Bangladesh","English","Commercial","/en/occasions/gifts/","High","Public seasonal-query language and verified 2026 Puja calendar.","Public-data research: exact monthly volume, CPC, and keyword difficulty not verified."
"Occasion and seasonal discovery","birthday jewellery gift Bangladesh","English","Commercial","/en/occasions/gifts/","High","Public seasonal-query language and verified 2026 Puja calendar.","Public-data research: exact monthly volume, CPC, and keyword difficulty not verified."
"Occasion and seasonal discovery","জন্মদিনের জুয়েলারি উপহার","Bengali","Commercial","/en/occasions/gifts/","High","Public seasonal-query language and verified 2026 Puja calendar.","Public-data research: exact monthly volume, CPC, and keyword difficulty not verified."
"Occasion and seasonal discovery","উপহারের কানের দুল","Bengali","Commercial","/en/occasions/gifts/","High","Public seasonal-query language and verified 2026 Puja calendar.","Public-data research: exact monthly volume, CPC, and keyword difficulty not verified."
"Occasion and seasonal discovery","Puja jewellery Bangladesh","English","Commercial","/en/occasions/puja/","Medium","Public seasonal-query language and verified 2026 Puja calendar.","Public-data research: exact monthly volume, CPC, and keyword difficulty not verified."
"Occasion and seasonal discovery","Puja earrings Bangladesh","English","Commercial","/en/occasions/puja/","Medium","Public seasonal-query language and verified 2026 Puja calendar.","Public-data research: exact monthly volume, CPC, and keyword difficulty not verified."
"Occasion and seasonal discovery","Puja bangles Bangladesh","English","Commercial","/en/occasions/puja/","Medium","Public seasonal-query language and verified 2026 Puja calendar.","Public-data research: exact monthly volume, CPC, and keyword difficulty not verified."
"Occasion and seasonal discovery","Puja necklace set Bangladesh","English","Commercial","/en/occasions/puja/","Medium","Public seasonal-query language and verified 2026 Puja calendar.","Public-data research: exact monthly volume, CPC, and keyword difficulty not verified."
"Occasion and seasonal discovery","Durga Puja jewellery gift","English","Commercial","/en/occasions/puja/","Medium","Public seasonal-query language and verified 2026 Puja calendar.","Public-data research: exact monthly volume, CPC, and keyword difficulty not verified."
"Occasion and seasonal discovery","Puja jewellery collection 2026","English","Commercial","/en/occasions/puja/","Medium","Public seasonal-query language and verified 2026 Puja calendar.","Public-data research: exact monthly volume, CPC, and keyword difficulty not verified."
"Occasion and seasonal discovery","পূজার জুয়েলারি","Bengali","Commercial","/en/occasions/puja/","Medium","Public seasonal-query language and verified 2026 Puja calendar.","Public-data research: exact monthly volume, CPC, and keyword difficulty not verified."
"Occasion and seasonal discovery","দুর্গা পূজা জুয়েলারি","Bengali","Commercial","/en/occasions/puja/","Medium","Public seasonal-query language and verified 2026 Puja calendar.","Public-data research: exact monthly volume, CPC, and keyword difficulty not verified."
"Occasion and seasonal discovery","পূজার কানের দুল","Bengali","Commercial","/en/occasions/puja/","Medium","Public seasonal-query language and verified 2026 Puja calendar.","Public-data research: exact monthly volume, CPC, and keyword difficulty not verified."
"Occasion and seasonal discovery","পূজার চুড়ি","Bengali","Commercial","/en/occasions/puja/","Medium","Public seasonal-query language and verified 2026 Puja calendar.","Public-data research: exact monthly volume, CPC, and keyword difficulty not verified."
"Occasion and seasonal discovery","পূজার উপহার জুয়েলারি","Bengali","Commercial","/en/occasions/puja/","Medium","Public seasonal-query language and verified 2026 Puja calendar.","Public-data research: exact monthly volume, CPC, and keyword difficulty not verified."
"Occasion and seasonal discovery","পূজা লুক জুয়েলারি","Bengali","Informational","/en/occasions/puja/","Medium","Public seasonal-query language and verified 2026 Puja calendar.","Public-data research: exact monthly volume, CPC, and keyword difficulty not verified."
"Occasion and seasonal discovery","bridal jewellery Bangladesh","English","Commercial","/en/occasions/bridal/","Medium","Public seasonal-query language and verified 2026 Puja calendar.","Public-data research: exact monthly volume, CPC, and keyword difficulty not verified."
"Occasion and seasonal discovery","wedding jewellery set Bangladesh","English","Transactional","/en/occasions/bridal/","Medium","Public seasonal-query language and verified 2026 Puja calendar.","Public-data research: exact monthly volume, CPC, and keyword difficulty not verified."
"Occasion and seasonal discovery","বিয়ের জুয়েলারি","Bengali","Commercial","/en/occasions/bridal/","Medium","Public seasonal-query language and verified 2026 Puja calendar.","Public-data research: exact monthly volume, CPC, and keyword difficulty not verified."
"Occasion and seasonal discovery","ব্রাইডাল জুয়েলারি সেট","Bengali","Commercial","/en/occasions/bridal/","Medium","Public seasonal-query language and verified 2026 Puja calendar.","Public-data research: exact monthly volume, CPC, and keyword difficulty not verified."
"Occasion and seasonal discovery","anniversary jewellery gift Bangladesh","English","Commercial","/en/occasions/gifts/","Medium","Public seasonal-query language and verified 2026 Puja calendar.","Public-data research: exact monthly volume, CPC, and keyword difficulty not verified."
"Occasion and seasonal discovery","birthday jewellery gift Bangladesh","English","Commercial","/en/occasions/gifts/","Medium","Public seasonal-query language and verified 2026 Puja calendar.","Public-data research: exact monthly volume, CPC, and keyword difficulty not verified."
"Occasion and seasonal discovery","জন্মদিনের জুয়েলারি উপহার","Bengali","Commercial","/en/occasions/gifts/","Medium","Public seasonal-query language and verified 2026 Puja calendar.","Public-data research: exact monthly volume, CPC, and keyword difficulty not verified."
"Occasion and seasonal discovery","উপহারের কানের দুল","Bengali","Commercial","/en/occasions/gifts/","Medium","Public seasonal-query language and verified 2026 Puja calendar.","Public-data research: exact monthly volume, CPC, and keyword difficulty not verified."
"Occasion and seasonal discovery","Puja jewellery Bangladesh","English","Commercial","/en/occasions/puja/","Medium","Public seasonal-query language and verified 2026 Puja calendar.","Public-data research: exact monthly volume, CPC, and keyword difficulty not verified."
"Occasion and seasonal discovery","Puja earrings Bangladesh","English","Commercial","/en/occasions/puja/","Medium","Public seasonal-query language and verified 2026 Puja calendar.","Public-data research: exact monthly volume, CPC, and keyword difficulty not verified."
"Occasion and seasonal discovery","Puja bangles Bangladesh","English","Commercial","/en/occasions/puja/","Medium","Public seasonal-query language and verified 2026 Puja calendar.","Public-data research: exact monthly volume, CPC, and keyword difficulty not verified."
"Occasion and seasonal discovery","Puja necklace set Bangladesh","English","Commercial","/en/occasions/puja/","Medium","Public seasonal-query language and verified 2026 Puja calendar.","Public-data research: exact monthly volume, CPC, and keyword difficulty not verified."
"Occasion and seasonal discovery","Durga Puja jewellery gift","English","Commercial","/en/occasions/puja/","Medium","Public seasonal-query language and verified 2026 Puja calendar.","Public-data research: exact monthly volume, CPC, and keyword difficulty not verified."
"Occasion and seasonal discovery","Puja jewellery collection 2026","English","Commercial","/en/occasions/puja/","Medium","Public seasonal-query language and verified 2026 Puja calendar.","Public-data research: exact monthly volume, CPC, and keyword difficulty not verified."
"Occasion and seasonal discovery","পূজার জুয়েলারি","Bengali","Commercial","/en/occasions/puja/","Medium","Public seasonal-query language and verified 2026 Puja calendar.","Public-data research: exact monthly volume, CPC, and keyword difficulty not verified."
"Occasion and seasonal discovery","দুর্গা পূজা জুয়েলারি","Bengali","Commercial","/en/occasions/puja/","Medium","Public seasonal-query language and verified 2026 Puja calendar.","Public-data research: exact monthly volume, CPC, and keyword difficulty not verified."
"Occasion and seasonal discovery","পূজার কানের দুল","Bengali","Commercial","/en/occasions/puja/","Medium","Public seasonal-query language and verified 2026 Puja calendar.","Public-data research: exact monthly volume, CPC, and keyword difficulty not verified."
"Occasion and seasonal discovery","পূজার চুড়ি","Bengali","Commercial","/en/occasions/puja/","Medium","Public seasonal-query language and verified 2026 Puja calendar.","Public-data research: exact monthly volume, CPC, and keyword difficulty not verified."
"Occasion and seasonal discovery","পূজার উপহার জুয়েলারি","Bengali","Commercial","/en/occasions/puja/","Medium","Public seasonal-query language and verified 2026 Puja calendar.","Public-data research: exact monthly volume, CPC, and keyword difficulty not verified."
"Occasion and seasonal discovery","পূজা লুক জুয়েলারি","Bengali","Informational","/en/occasions/puja/","Medium","Public seasonal-query language and verified 2026 Puja calendar.","Public-data research: exact monthly volume, CPC, and keyword difficulty not verified."
"Occasion and seasonal discovery","bridal jewellery Bangladesh","English","Commercial","/en/occasions/bridal/","Medium","Public seasonal-query language and verified 2026 Puja calendar.","Public-data research: exact monthly volume, CPC, and keyword difficulty not verified."
"Occasion and seasonal discovery","wedding jewellery set Bangladesh","English","Transactional","/en/occasions/bridal/","Medium","Public seasonal-query language and verified 2026 Puja calendar.","Public-data research: exact monthly volume, CPC, and keyword difficulty not verified."
"Occasion and seasonal discovery","বিয়ের জুয়েলারি","Bengali","Commercial","/en/occasions/bridal/","Medium","Public seasonal-query language and verified 2026 Puja calendar.","Public-data research: exact monthly volume, CPC, and keyword difficulty not verified."
"Occasion and seasonal discovery","ব্রাইডাল জুয়েলারি সেট","Bengali","Commercial","/en/occasions/bridal/","Medium","Public seasonal-query language and verified 2026 Puja calendar.","Public-data research: exact monthly volume, CPC, and keyword difficulty not verified."
"Occasion and seasonal discovery","anniversary jewellery gift Bangladesh","English","Commercial","/en/occasions/gifts/","Medium","Public seasonal-query language and verified 2026 Puja calendar.","Public-data research: exact monthly volume, CPC, and keyword difficulty not verified."
"Occasion and seasonal discovery","birthday jewellery gift Bangladesh","English","Commercial","/en/occasions/gifts/","Medium","Public seasonal-query language and verified 2026 Puja calendar.","Public-data research: exact monthly volume, CPC, and keyword difficulty not verified."
"Occasion and seasonal discovery","জন্মদিনের জুয়েলারি উপহার","Bengali","Commercial","/en/occasions/gifts/","Medium","Public seasonal-query language and verified 2026 Puja calendar.","Public-data research: exact monthly volume, CPC, and keyword difficulty not verified."
"Occasion and seasonal discovery","উপহারের কানের দুল","Bengali","Commercial","/en/occasions/gifts/","Medium","Public seasonal-query language and verified 2026 Puja calendar.","Public-data research: exact monthly volume, CPC, and keyword difficulty not verified."
"Trust, policy, and purchase readiness","jewellery shop Bangladesh trusted","English","Commercial","/en/care/","High","Bangladesh eCommerce trust, COD, delivery, privacy, and support research.","Public-data research: exact monthly volume, CPC, and keyword difficulty not verified."
"Trust, policy, and purchase readiness","online jewellery delivery Bangladesh","English","Commercial","/en/care/","High","Bangladesh eCommerce trust, COD, delivery, privacy, and support research.","Public-data research: exact monthly volume, CPC, and keyword difficulty not verified."
"Trust, policy, and purchase readiness","jewellery return policy Bangladesh","English","Informational","/en/care/","High","Bangladesh eCommerce trust, COD, delivery, privacy, and support research.","Public-data research: exact monthly volume, CPC, and keyword difficulty not verified."
"Trust, policy, and purchase readiness","cash on delivery jewellery Bangladesh","English","Commercial","/en/care/","High","Bangladesh eCommerce trust, COD, delivery, privacy, and support research.","Public-data research: exact monthly volume, CPC, and keyword difficulty not verified."
"Trust, policy, and purchase readiness","jewellery payment Bangladesh","English","Commercial","/en/care/","High","Bangladesh eCommerce trust, COD, delivery, privacy, and support research.","Public-data research: exact monthly volume, CPC, and keyword difficulty not verified."
"Trust, policy, and purchase readiness","jewellery product details Bangladesh","English","Informational","/en/care/","High","Bangladesh eCommerce trust, COD, delivery, privacy, and support research.","Public-data research: exact monthly volume, CPC, and keyword difficulty not verified."
"Trust, policy, and purchase readiness","বিশ্বস্ত অনলাইন জুয়েলারি","Bengali","Commercial","/en/care/","High","Bangladesh eCommerce trust, COD, delivery, privacy, and support research.","Public-data research: exact monthly volume, CPC, and keyword difficulty not verified."
"Trust, policy, and purchase readiness","জুয়েলারি ক্যাশ অন ডেলিভারি","Bengali","Commercial","/en/care/","High","Bangladesh eCommerce trust, COD, delivery, privacy, and support research.","Public-data research: exact monthly volume, CPC, and keyword difficulty not verified."
"Trust, policy, and purchase readiness","জুয়েলারি ডেলিভারি বাংলাদেশ","Bengali","Commercial","/en/care/","High","Bangladesh eCommerce trust, COD, delivery, privacy, and support research.","Public-data research: exact monthly volume, CPC, and keyword difficulty not verified."
"Trust, policy, and purchase readiness","জুয়েলারি রিটার্ন পলিসি","Bengali","Informational","/en/care/","High","Bangladesh eCommerce trust, COD, delivery, privacy, and support research.","Public-data research: exact monthly volume, CPC, and keyword difficulty not verified."
"Trust, policy, and purchase readiness","অনলাইন জুয়েলারি নিরাপদ পেমেন্ট","Bengali","Informational","/en/care/","High","Bangladesh eCommerce trust, COD, delivery, privacy, and support research.","Public-data research: exact monthly volume, CPC, and keyword difficulty not verified."
"Trust, policy, and purchase readiness","জুয়েলারি সাইজ গাইড","Bengali","Informational","/en/care/","High","Bangladesh eCommerce trust, COD, delivery, privacy, and support research.","Public-data research: exact monthly volume, CPC, and keyword difficulty not verified."
"Trust, policy, and purchase readiness","how to buy jewellery online Bangladesh","English","Informational","/en/care/","High","Bangladesh eCommerce trust, COD, delivery, privacy, and support research.","Public-data research: exact monthly volume, CPC, and keyword difficulty not verified."
"Trust, policy, and purchase readiness","how to choose earrings Bangladesh","English","Informational","/en/care/","High","Bangladesh eCommerce trust, COD, delivery, privacy, and support research.","Public-data research: exact monthly volume, CPC, and keyword difficulty not verified."
"Trust, policy, and purchase readiness","জুয়েলারি কেনার আগে কি দেখবেন","Bengali","Informational","/en/care/","High","Bangladesh eCommerce trust, COD, delivery, privacy, and support research.","Public-data research: exact monthly volume, CPC, and keyword difficulty not verified."
"Trust, policy, and purchase readiness","কানের দুল কীভাবে বাছাই করবেন","Bengali","Informational","/en/care/","High","Bangladesh eCommerce trust, COD, delivery, privacy, and support research.","Public-data research: exact monthly volume, CPC, and keyword difficulty not verified."
"Trust, policy, and purchase readiness","jewellery customer support Bangladesh","English","Navigational","/en/care/","High","Bangladesh eCommerce trust, COD, delivery, privacy, and support research.","Public-data research: exact monthly volume, CPC, and keyword difficulty not verified."
"Trust, policy, and purchase readiness","জুয়েলারি কাস্টমার সাপোর্ট","Bengali","Navigational","/en/care/","High","Bangladesh eCommerce trust, COD, delivery, privacy, and support research.","Public-data research: exact monthly volume, CPC, and keyword difficulty not verified."
"Trust, policy, and purchase readiness","jewellery authenticity information","English","Informational","/en/care/","High","Bangladesh eCommerce trust, COD, delivery, privacy, and support research.","Public-data research: exact monthly volume, CPC, and keyword difficulty not verified."
"Trust, policy, and purchase readiness","জুয়েলারি পণ্যের তথ্য","Bengali","Informational","/en/care/","High","Bangladesh eCommerce trust, COD, delivery, privacy, and support research.","Public-data research: exact monthly volume, CPC, and keyword difficulty not verified."
"Trust, policy, and purchase readiness","jewellery shop Bangladesh trusted","English","Commercial","/en/care/","Medium","Bangladesh eCommerce trust, COD, delivery, privacy, and support research.","Public-data research: exact monthly volume, CPC, and keyword difficulty not verified."
"Trust, policy, and purchase readiness","online jewellery delivery Bangladesh","English","Commercial","/en/care/","Medium","Bangladesh eCommerce trust, COD, delivery, privacy, and support research.","Public-data research: exact monthly volume, CPC, and keyword difficulty not verified."
"Trust, policy, and purchase readiness","jewellery return policy Bangladesh","English","Informational","/en/care/","Medium","Bangladesh eCommerce trust, COD, delivery, privacy, and support research.","Public-data research: exact monthly volume, CPC, and keyword difficulty not verified."
"Trust, policy, and purchase readiness","cash on delivery jewellery Bangladesh","English","Commercial","/en/care/","Medium","Bangladesh eCommerce trust, COD, delivery, privacy, and support research.","Public-data research: exact monthly volume, CPC, and keyword difficulty not verified."
"Trust, policy, and purchase readiness","jewellery payment Bangladesh","English","Commercial","/en/care/","Medium","Bangladesh eCommerce trust, COD, delivery, privacy, and support research.","Public-data research: exact monthly volume, CPC, and keyword difficulty not verified."
"Trust, policy, and purchase readiness","jewellery product details Bangladesh","English","Informational","/en/care/","Medium","Bangladesh eCommerce trust, COD, delivery, privacy, and support research.","Public-data research: exact monthly volume, CPC, and keyword difficulty not verified."
"Trust, policy, and purchase readiness","বিশ্বস্ত অনলাইন জুয়েলারি","Bengali","Commercial","/en/care/","Medium","Bangladesh eCommerce trust, COD, delivery, privacy, and support research.","Public-data research: exact monthly volume, CPC, and keyword difficulty not verified."
"Trust, policy, and purchase readiness","জুয়েলারি ক্যাশ অন ডেলিভারি","Bengali","Commercial","/en/care/","Medium","Bangladesh eCommerce trust, COD, delivery, privacy, and support research.","Public-data research: exact monthly volume, CPC, and keyword difficulty not verified."
"Trust, policy, and purchase readiness","জুয়েলারি ডেলিভারি বাংলাদেশ","Bengali","Commercial","/en/care/","Medium","Bangladesh eCommerce trust, COD, delivery, privacy, and support research.","Public-data research: exact monthly volume, CPC, and keyword difficulty not verified."
"Trust, policy, and purchase readiness","জুয়েলারি রিটার্ন পলিসি","Bengali","Informational","/en/care/","Medium","Bangladesh eCommerce trust, COD, delivery, privacy, and support research.","Public-data research: exact monthly volume, CPC, and keyword difficulty not verified."
"Trust, policy, and purchase readiness","অনলাইন জুয়েলারি নিরাপদ পেমেন্ট","Bengali","Informational","/en/care/","Medium","Bangladesh eCommerce trust, COD, delivery, privacy, and support research.","Public-data research: exact monthly volume, CPC, and keyword difficulty not verified."
"Trust, policy, and purchase readiness","জুয়েলারি সাইজ গাইড","Bengali","Informational","/en/care/","Medium","Bangladesh eCommerce trust, COD, delivery, privacy, and support research.","Public-data research: exact monthly volume, CPC, and keyword difficulty not verified."
"Trust, policy, and purchase readiness","how to buy jewellery online Bangladesh","English","Informational","/en/care/","Medium","Bangladesh eCommerce trust, COD, delivery, privacy, and support research.","Public-data research: exact monthly volume, CPC, and keyword difficulty not verified."
"Trust, policy, and purchase readiness","how to choose earrings Bangladesh","English","Informational","/en/care/","Medium","Bangladesh eCommerce trust, COD, delivery, privacy, and support research.","Public-data research: exact monthly volume, CPC, and keyword difficulty not verified."
"Trust, policy, and purchase readiness","জুয়েলারি কেনার আগে কি দেখবেন","Bengali","Informational","/en/care/","Medium","Bangladesh eCommerce trust, COD, delivery, privacy, and support research.","Public-data research: exact monthly volume, CPC, and keyword difficulty not verified."
"Trust, policy, and purchase readiness","কানের দুল কীভাবে বাছাই করবেন","Bengali","Informational","/en/care/","Medium","Bangladesh eCommerce trust, COD, delivery, privacy, and support research.","Public-data research: exact monthly volume, CPC, and keyword difficulty not verified."
"Trust, policy, and purchase readiness","jewellery customer support Bangladesh","English","Navigational","/en/care/","Medium","Bangladesh eCommerce trust, COD, delivery, privacy, and support research.","Public-data research: exact monthly volume, CPC, and keyword difficulty not verified."
"Trust, policy, and purchase readiness","জুয়েলারি কাস্টমার সাপোর্ট","Bengali","Navigational","/en/care/","Medium","Bangladesh eCommerce trust, COD, delivery, privacy, and support research.","Public-data research: exact monthly volume, CPC, and keyword difficulty not verified."
"Trust, policy, and purchase readiness","jewellery authenticity information","English","Informational","/en/care/","Medium","Bangladesh eCommerce trust, COD, delivery, privacy, and support research.","Public-data research: exact monthly volume, CPC, and keyword difficulty not verified."
"Trust, policy, and purchase readiness","জুয়েলারি পণ্যের তথ্য","Bengali","Informational","/en/care/","Medium","Bangladesh eCommerce trust, COD, delivery, privacy, and support research.","Public-data research: exact monthly volume, CPC, and keyword difficulty not verified."
"Trust, policy, and purchase readiness","jewellery shop Bangladesh trusted","English","Commercial","/en/care/","Medium","Bangladesh eCommerce trust, COD, delivery, privacy, and support research.","Public-data research: exact monthly volume, CPC, and keyword difficulty not verified."
"Trust, policy, and purchase readiness","online jewellery delivery Bangladesh","English","Commercial","/en/care/","Medium","Bangladesh eCommerce trust, COD, delivery, privacy, and support research.","Public-data research: exact monthly volume, CPC, and keyword difficulty not verified."
"Trust, policy, and purchase readiness","jewellery return policy Bangladesh","English","Informational","/en/care/","Medium","Bangladesh eCommerce trust, COD, delivery, privacy, and support research.","Public-data research: exact monthly volume, CPC, and keyword difficulty not verified."
"Trust, policy, and purchase readiness","cash on delivery jewellery Bangladesh","English","Commercial","/en/care/","Medium","Bangladesh eCommerce trust, COD, delivery, privacy, and support research.","Public-data research: exact monthly volume, CPC, and keyword difficulty not verified."
"Trust, policy, and purchase readiness","jewellery payment Bangladesh","English","Commercial","/en/care/","Medium","Bangladesh eCommerce trust, COD, delivery, privacy, and support research.","Public-data research: exact monthly volume, CPC, and keyword difficulty not verified."
"Trust, policy, and purchase readiness","jewellery product details Bangladesh","English","Informational","/en/care/","Medium","Bangladesh eCommerce trust, COD, delivery, privacy, and support research.","Public-data research: exact monthly volume, CPC, and keyword difficulty not verified."
"Trust, policy, and purchase readiness","বিশ্বস্ত অনলাইন জুয়েলারি","Bengali","Commercial","/en/care/","Medium","Bangladesh eCommerce trust, COD, delivery, privacy, and support research.","Public-data research: exact monthly volume, CPC, and keyword difficulty not verified."
"Trust, policy, and purchase readiness","জুয়েলারি ক্যাশ অন ডেলিভারি","Bengali","Commercial","/en/care/","Medium","Bangladesh eCommerce trust, COD, delivery, privacy, and support research.","Public-data research: exact monthly volume, CPC, and keyword difficulty not verified."
"Trust, policy, and purchase readiness","জুয়েলারি ডেলিভারি বাংলাদেশ","Bengali","Commercial","/en/care/","Medium","Bangladesh eCommerce trust, COD, delivery, privacy, and support research.","Public-data research: exact monthly volume, CPC, and keyword difficulty not verified."
"Trust, policy, and purchase readiness","জুয়েলারি রিটার্ন পলিসি","Bengali","Informational","/en/care/","Medium","Bangladesh eCommerce trust, COD, delivery, privacy, and support research.","Public-data research: exact monthly volume, CPC, and keyword difficulty not verified."
"Trust, policy, and purchase readiness","অনলাইন জুয়েলারি নিরাপদ পেমেন্ট","Bengali","Informational","/en/care/","Medium","Bangladesh eCommerce trust, COD, delivery, privacy, and support research.","Public-data research: exact monthly volume, CPC, and keyword difficulty not verified."
"Trust, policy, and purchase readiness","জুয়েলারি সাইজ গাইড","Bengali","Informational","/en/care/","Medium","Bangladesh eCommerce trust, COD, delivery, privacy, and support research.","Public-data research: exact monthly volume, CPC, and keyword difficulty not verified."
"Trust, policy, and purchase readiness","how to buy jewellery online Bangladesh","English","Informational","/en/care/","Medium","Bangladesh eCommerce trust, COD, delivery, privacy, and support research.","Public-data research: exact monthly volume, CPC, and keyword difficulty not verified."
"Trust, policy, and purchase readiness","how to choose earrings Bangladesh","English","Informational","/en/care/","Medium","Bangladesh eCommerce trust, COD, delivery, privacy, and support research.","Public-data research: exact monthly volume, CPC, and keyword difficulty not verified."
"Trust, policy, and purchase readiness","জুয়েলারি কেনার আগে কি দেখবেন","Bengali","Informational","/en/care/","Medium","Bangladesh eCommerce trust, COD, delivery, privacy, and support research.","Public-data research: exact monthly volume, CPC, and keyword difficulty not verified."
"Trust, policy, and purchase readiness","কানের দুল কীভাবে বাছাই করবেন","Bengali","Informational","/en/care/","Medium","Bangladesh eCommerce trust, COD, delivery, privacy, and support research.","Public-data research: exact monthly volume, CPC, and keyword difficulty not verified."
"Trust, policy, and purchase readiness","jewellery customer support Bangladesh","English","Navigational","/en/care/","Medium","Bangladesh eCommerce trust, COD, delivery, privacy, and support research.","Public-data research: exact monthly volume, CPC, and keyword difficulty not verified."
"Trust, policy, and purchase readiness","জুয়েলারি কাস্টমার সাপোর্ট","Bengali","Navigational","/en/care/","Medium","Bangladesh eCommerce trust, COD, delivery, privacy, and support research.","Public-data research: exact monthly volume, CPC, and keyword difficulty not verified."
"Trust, policy, and purchase readiness","jewellery authenticity information","English","Informational","/en/care/","Medium","Bangladesh eCommerce trust, COD, delivery, privacy, and support research.","Public-data research: exact monthly volume, CPC, and keyword difficulty not verified."
"Trust, policy, and purchase readiness","জুয়েলারি পণ্যের তথ্য","Bengali","Informational","/en/care/","Medium","Bangladesh eCommerce trust, COD, delivery, privacy, and support research.","Public-data research: exact monthly volume, CPC, and keyword difficulty not verified."
"Style, look, and material exploration","minimal jewellery Bangladesh","English","Commercial","/en/editorial/style-guides/","High","Local category and occasion merchandising language.","Public-data research: exact monthly volume, CPC, and keyword difficulty not verified."
"Style, look, and material exploration","traditional jewellery Bangladesh","English","Commercial","/en/editorial/style-guides/","High","Local category and occasion merchandising language.","Public-data research: exact monthly volume, CPC, and keyword difficulty not verified."
"Style, look, and material exploration","gold tone jewellery Bangladesh","English","Commercial","/en/editorial/style-guides/","High","Local category and occasion merchandising language.","Public-data research: exact monthly volume, CPC, and keyword difficulty not verified."
"Style, look, and material exploration","pearl jewellery Bangladesh","English","Commercial","/en/editorial/style-guides/","High","Local category and occasion merchandising language.","Public-data research: exact monthly volume, CPC, and keyword difficulty not verified."
"Style, look, and material exploration","statement earrings Bangladesh","English","Commercial","/en/editorial/style-guides/","High","Local category and occasion merchandising language.","Public-data research: exact monthly volume, CPC, and keyword difficulty not verified."
"Style, look, and material exploration","everyday jewellery Bangladesh","English","Commercial","/en/editorial/style-guides/","High","Local category and occasion merchandising language.","Public-data research: exact monthly volume, CPC, and keyword difficulty not verified."
"Style, look, and material exploration","jewellery for sari Bangladesh","English","Commercial","/en/editorial/style-guides/","High","Local category and occasion merchandising language.","Public-data research: exact monthly volume, CPC, and keyword difficulty not verified."
"Style, look, and material exploration","jewellery for salwar kameez Bangladesh","English","Commercial","/en/editorial/style-guides/","High","Local category and occasion merchandising language.","Public-data research: exact monthly volume, CPC, and keyword difficulty not verified."
"Style, look, and material exploration","office jewellery Bangladesh","English","Commercial","/en/editorial/style-guides/","High","Local category and occasion merchandising language.","Public-data research: exact monthly volume, CPC, and keyword difficulty not verified."
"Style, look, and material exploration","party jewellery Bangladesh","English","Commercial","/en/editorial/style-guides/","High","Local category and occasion merchandising language.","Public-data research: exact monthly volume, CPC, and keyword difficulty not verified."
"Style, look, and material exploration","মিনিমাল জুয়েলারি","Bengali","Commercial","/en/editorial/style-guides/","High","Local category and occasion merchandising language.","Public-data research: exact monthly volume, CPC, and keyword difficulty not verified."
"Style, look, and material exploration","ঐতিহ্যবাহী জুয়েলারি","Bengali","Commercial","/en/editorial/style-guides/","High","Local category and occasion merchandising language.","Public-data research: exact monthly volume, CPC, and keyword difficulty not verified."
"Style, look, and material exploration","পার্ল জুয়েলারি","Bengali","Commercial","/en/editorial/style-guides/","High","Local category and occasion merchandising language.","Public-data research: exact monthly volume, CPC, and keyword difficulty not verified."
"Style, look, and material exploration","ঝুমকা কানের দুল","Bengali","Commercial","/en/editorial/style-guides/","High","Local category and occasion merchandising language.","Public-data research: exact monthly volume, CPC, and keyword difficulty not verified."
"Style, look, and material exploration","শাড়ির সাথে জুয়েলারি","Bengali","Commercial","/en/editorial/style-guides/","High","Local category and occasion merchandising language.","Public-data research: exact monthly volume, CPC, and keyword difficulty not verified."
"Style, look, and material exploration","সালওয়ার কামিজের সাথে জুয়েলারি","Bengali","Commercial","/en/editorial/style-guides/","High","Local category and occasion merchandising language.","Public-data research: exact monthly volume, CPC, and keyword difficulty not verified."
"Style, look, and material exploration","অফিস জুয়েলারি","Bengali","Commercial","/en/editorial/style-guides/","High","Local category and occasion merchandising language.","Public-data research: exact monthly volume, CPC, and keyword difficulty not verified."
"Style, look, and material exploration","পার্টি জুয়েলারি","Bengali","Commercial","/en/editorial/style-guides/","High","Local category and occasion merchandising language.","Public-data research: exact monthly volume, CPC, and keyword difficulty not verified."
"Style, look, and material exploration","হালকা জুয়েলারি","Bengali","Commercial","/en/editorial/style-guides/","High","Local category and occasion merchandising language.","Public-data research: exact monthly volume, CPC, and keyword difficulty not verified."
"Style, look, and material exploration","ফ্যাশন জুয়েলারি","Bengali","Commercial","/en/editorial/style-guides/","High","Local category and occasion merchandising language.","Public-data research: exact monthly volume, CPC, and keyword difficulty not verified."
"Style, look, and material exploration","minimal jewellery Bangladesh","English","Commercial","/en/editorial/style-guides/","Medium","Local category and occasion merchandising language.","Public-data research: exact monthly volume, CPC, and keyword difficulty not verified."
"Style, look, and material exploration","traditional jewellery Bangladesh","English","Commercial","/en/editorial/style-guides/","Medium","Local category and occasion merchandising language.","Public-data research: exact monthly volume, CPC, and keyword difficulty not verified."
"Style, look, and material exploration","gold tone jewellery Bangladesh","English","Commercial","/en/editorial/style-guides/","Medium","Local category and occasion merchandising language.","Public-data research: exact monthly volume, CPC, and keyword difficulty not verified."
"Style, look, and material exploration","pearl jewellery Bangladesh","English","Commercial","/en/editorial/style-guides/","Medium","Local category and occasion merchandising language.","Public-data research: exact monthly volume, CPC, and keyword difficulty not verified."
"Style, look, and material exploration","statement earrings Bangladesh","English","Commercial","/en/editorial/style-guides/","Medium","Local category and occasion merchandising language.","Public-data research: exact monthly volume, CPC, and keyword difficulty not verified."
"Style, look, and material exploration","everyday jewellery Bangladesh","English","Commercial","/en/editorial/style-guides/","Medium","Local category and occasion merchandising language.","Public-data research: exact monthly volume, CPC, and keyword difficulty not verified."
"Style, look, and material exploration","jewellery for sari Bangladesh","English","Commercial","/en/editorial/style-guides/","Medium","Local category and occasion merchandising language.","Public-data research: exact monthly volume, CPC, and keyword difficulty not verified."
"Style, look, and material exploration","jewellery for salwar kameez Bangladesh","English","Commercial","/en/editorial/style-guides/","Medium","Local category and occasion merchandising language.","Public-data research: exact monthly volume, CPC, and keyword difficulty not verified."
"Style, look, and material exploration","office jewellery Bangladesh","English","Commercial","/en/editorial/style-guides/","Medium","Local category and occasion merchandising language.","Public-data research: exact monthly volume, CPC, and keyword difficulty not verified."
"Style, look, and material exploration","party jewellery Bangladesh","English","Commercial","/en/editorial/style-guides/","Medium","Local category and occasion merchandising language.","Public-data research: exact monthly volume, CPC, and keyword difficulty not verified."
"Style, look, and material exploration","মিনিমাল জুয়েলারি","Bengali","Commercial","/en/editorial/style-guides/","Medium","Local category and occasion merchandising language.","Public-data research: exact monthly volume, CPC, and keyword difficulty not verified."
"Style, look, and material exploration","ঐতিহ্যবাহী জুয়েলারি","Bengali","Commercial","/en/editorial/style-guides/","Medium","Local category and occasion merchandising language.","Public-data research: exact monthly volume, CPC, and keyword difficulty not verified."
"Style, look, and material exploration","পার্ল জুয়েলারি","Bengali","Commercial","/en/editorial/style-guides/","Medium","Local category and occasion merchandising language.","Public-data research: exact monthly volume, CPC, and keyword difficulty not verified."
"Style, look, and material exploration","ঝুমকা কানের দুল","Bengali","Commercial","/en/editorial/style-guides/","Medium","Local category and occasion merchandising language.","Public-data research: exact monthly volume, CPC, and keyword difficulty not verified."
"Style, look, and material exploration","শাড়ির সাথে জুয়েলারি","Bengali","Commercial","/en/editorial/style-guides/","Medium","Local category and occasion merchandising language.","Public-data research: exact monthly volume, CPC, and keyword difficulty not verified."
"Style, look, and material exploration","সালওয়ার কামিজের সাথে জুয়েলারি","Bengali","Commercial","/en/editorial/style-guides/","Medium","Local category and occasion merchandising language.","Public-data research: exact monthly volume, CPC, and keyword difficulty not verified."
"Style, look, and material exploration","অফিস জুয়েলারি","Bengali","Commercial","/en/editorial/style-guides/","Medium","Local category and occasion merchandising language.","Public-data research: exact monthly volume, CPC, and keyword difficulty not verified."
"Style, look, and material exploration","পার্টি জুয়েলারি","Bengali","Commercial","/en/editorial/style-guides/","Medium","Local category and occasion merchandising language.","Public-data research: exact monthly volume, CPC, and keyword difficulty not verified."
"Style, look, and material exploration","হালকা জুয়েলারি","Bengali","Commercial","/en/editorial/style-guides/","Medium","Local category and occasion merchandising language.","Public-data research: exact monthly volume, CPC, and keyword difficulty not verified."
"Style, look, and material exploration","ফ্যাশন জুয়েলারি","Bengali","Commercial","/en/editorial/style-guides/","Medium","Local category and occasion merchandising language.","Public-data research: exact monthly volume, CPC, and keyword difficulty not verified."
"Style, look, and material exploration","minimal jewellery Bangladesh","English","Commercial","/en/editorial/style-guides/","Medium","Local category and occasion merchandising language.","Public-data research: exact monthly volume, CPC, and keyword difficulty not verified."
"Style, look, and material exploration","traditional jewellery Bangladesh","English","Commercial","/en/editorial/style-guides/","Medium","Local category and occasion merchandising language.","Public-data research: exact monthly volume, CPC, and keyword difficulty not verified."
"Style, look, and material exploration","gold tone jewellery Bangladesh","English","Commercial","/en/editorial/style-guides/","Medium","Local category and occasion merchandising language.","Public-data research: exact monthly volume, CPC, and keyword difficulty not verified."
"Style, look, and material exploration","pearl jewellery Bangladesh","English","Commercial","/en/editorial/style-guides/","Medium","Local category and occasion merchandising language.","Public-data research: exact monthly volume, CPC, and keyword difficulty not verified."
"Style, look, and material exploration","statement earrings Bangladesh","English","Commercial","/en/editorial/style-guides/","Medium","Local category and occasion merchandising language.","Public-data research: exact monthly volume, CPC, and keyword difficulty not verified."
"Style, look, and material exploration","everyday jewellery Bangladesh","English","Commercial","/en/editorial/style-guides/","Medium","Local category and occasion merchandising language.","Public-data research: exact monthly volume, CPC, and keyword difficulty not verified."
"Style, look, and material exploration","jewellery for sari Bangladesh","English","Commercial","/en/editorial/style-guides/","Medium","Local category and occasion merchandising language.","Public-data research: exact monthly volume, CPC, and keyword difficulty not verified."
"Style, look, and material exploration","jewellery for salwar kameez Bangladesh","English","Commercial","/en/editorial/style-guides/","Medium","Local category and occasion merchandising language.","Public-data research: exact monthly volume, CPC, and keyword difficulty not verified."
"Style, look, and material exploration","office jewellery Bangladesh","English","Commercial","/en/editorial/style-guides/","Medium","Local category and occasion merchandising language.","Public-data research: exact monthly volume, CPC, and keyword difficulty not verified."
"Style, look, and material exploration","party jewellery Bangladesh","English","Commercial","/en/editorial/style-guides/","Medium","Local category and occasion merchandising language.","Public-data research: exact monthly volume, CPC, and keyword difficulty not verified."
"Style, look, and material exploration","মিনিমাল জুয়েলারি","Bengali","Commercial","/en/editorial/style-guides/","Medium","Local category and occasion merchandising language.","Public-data research: exact monthly volume, CPC, and keyword difficulty not verified."
"Style, look, and material exploration","ঐতিহ্যবাহী জুয়েলারি","Bengali","Commercial","/en/editorial/style-guides/","Medium","Local category and occasion merchandising language.","Public-data research: exact monthly volume, CPC, and keyword difficulty not verified."
"Style, look, and material exploration","পার্ল জুয়েলারি","Bengali","Commercial","/en/editorial/style-guides/","Medium","Local category and occasion merchandising language.","Public-data research: exact monthly volume, CPC, and keyword difficulty not verified."
"Style, look, and material exploration","ঝুমকা কানের দুল","Bengali","Commercial","/en/editorial/style-guides/","Medium","Local category and occasion merchandising language.","Public-data research: exact monthly volume, CPC, and keyword difficulty not verified."
"Style, look, and material exploration","শাড়ির সাথে জুয়েলারি","Bengali","Commercial","/en/editorial/style-guides/","Medium","Local category and occasion merchandising language.","Public-data research: exact monthly volume, CPC, and keyword difficulty not verified."
"Style, look, and material exploration","সালওয়ার কামিজের সাথে জুয়েলারি","Bengali","Commercial","/en/editorial/style-guides/","Medium","Local category and occasion merchandising language.","Public-data research: exact monthly volume, CPC, and keyword difficulty not verified."
"Style, look, and material exploration","অফিস জুয়েলারি","Bengali","Commercial","/en/editorial/style-guides/","Medium","Local category and occasion merchandising language.","Public-data research: exact monthly volume, CPC, and keyword difficulty not verified."
"Style, look, and material exploration","পার্টি জুয়েলারি","Bengali","Commercial","/en/editorial/style-guides/","Medium","Local category and occasion merchandising language.","Public-data research: exact monthly volume, CPC, and keyword difficulty not verified."
"Style, look, and material exploration","হালকা জুয়েলারি","Bengali","Commercial","/en/editorial/style-guides/","Medium","Local category and occasion merchandising language.","Public-data research: exact monthly volume, CPC, and keyword difficulty not verified."
"Style, look, and material exploration","ফ্যাশন জুয়েলারি","Bengali","Commercial","/en/editorial/style-guides/","Medium","Local category and occasion merchandising language.","Public-data research: exact monthly volume, CPC, and keyword difficulty not verified."
"Guides, FAQs, and answer-engine content","earrings style guide Bangladesh","English","Informational","/en/guides/","High","Search-intent expansion for visible educational content and FAQs.","Public-data research: exact monthly volume, CPC, and keyword difficulty not verified."
"Guides, FAQs, and answer-engine content","ring size guide Bangladesh","English","Informational","/en/guides/","High","Search-intent expansion for visible educational content and FAQs.","Public-data research: exact monthly volume, CPC, and keyword difficulty not verified."
"Guides, FAQs, and answer-engine content","how to care for jewellery","English","Informational","/en/guides/","High","Search-intent expansion for visible educational content and FAQs.","Public-data research: exact monthly volume, CPC, and keyword difficulty not verified."
"Guides, FAQs, and answer-engine content","jewellery gift guide Bangladesh","English","Informational","/en/guides/","High","Search-intent expansion for visible educational content and FAQs.","Public-data research: exact monthly volume, CPC, and keyword difficulty not verified."
"Guides, FAQs, and answer-engine content","Puja jewellery style guide","English","Informational","/en/guides/","High","Search-intent expansion for visible educational content and FAQs.","Public-data research: exact monthly volume, CPC, and keyword difficulty not verified."
"Guides, FAQs, and answer-engine content","bridal jewellery guide Bangladesh","English","Informational","/en/guides/","High","Search-intent expansion for visible educational content and FAQs.","Public-data research: exact monthly volume, CPC, and keyword difficulty not verified."
"Guides, FAQs, and answer-engine content","bangles vs bracelets Bangladesh","English","Informational","/en/guides/","High","Search-intent expansion for visible educational content and FAQs.","Public-data research: exact monthly volume, CPC, and keyword difficulty not verified."
"Guides, FAQs, and answer-engine content","necklace length guide Bangladesh","English","Informational","/en/guides/","High","Search-intent expansion for visible educational content and FAQs.","Public-data research: exact monthly volume, CPC, and keyword difficulty not verified."
"Guides, FAQs, and answer-engine content","jewellery trend Bangladesh 2026","English","Informational","/en/guides/","High","Search-intent expansion for visible educational content and FAQs.","Public-data research: exact monthly volume, CPC, and keyword difficulty not verified."
"Guides, FAQs, and answer-engine content","how to layer necklaces","English","Informational","/en/guides/","High","Search-intent expansion for visible educational content and FAQs.","Public-data research: exact monthly volume, CPC, and keyword difficulty not verified."
"Guides, FAQs, and answer-engine content","কানের দুল স্টাইল গাইড","Bengali","Informational","/en/guides/","High","Search-intent expansion for visible educational content and FAQs.","Public-data research: exact monthly volume, CPC, and keyword difficulty not verified."
"Guides, FAQs, and answer-engine content","আংটির সাইজ গাইড","Bengali","Informational","/en/guides/","High","Search-intent expansion for visible educational content and FAQs.","Public-data research: exact monthly volume, CPC, and keyword difficulty not verified."
"Guides, FAQs, and answer-engine content","জুয়েলারি কীভাবে যত্ন নেবেন","Bengali","Informational","/en/guides/","High","Search-intent expansion for visible educational content and FAQs.","Public-data research: exact monthly volume, CPC, and keyword difficulty not verified."
"Guides, FAQs, and answer-engine content","জুয়েলারি গিফট গাইড","Bengali","Informational","/en/guides/","High","Search-intent expansion for visible educational content and FAQs.","Public-data research: exact monthly volume, CPC, and keyword difficulty not verified."
"Guides, FAQs, and answer-engine content","পূজার জুয়েলারি গাইড","Bengali","Informational","/en/guides/","High","Search-intent expansion for visible educational content and FAQs.","Public-data research: exact monthly volume, CPC, and keyword difficulty not verified."
"Guides, FAQs, and answer-engine content","ব্রাইডাল জুয়েলারি গাইড","Bengali","Informational","/en/guides/","High","Search-intent expansion for visible educational content and FAQs.","Public-data research: exact monthly volume, CPC, and keyword difficulty not verified."
"Guides, FAQs, and answer-engine content","চুড়ি না ব্রেসলেট","Bengali","Informational","/en/guides/","High","Search-intent expansion for visible educational content and FAQs.","Public-data research: exact monthly volume, CPC, and keyword difficulty not verified."
"Guides, FAQs, and answer-engine content","নেকলেস লেন্থ গাইড","Bengali","Informational","/en/guides/","High","Search-intent expansion for visible educational content and FAQs.","Public-data research: exact monthly volume, CPC, and keyword difficulty not verified."
"Guides, FAQs, and answer-engine content","জুয়েলারি ট্রেন্ড বাংলাদেশ","Bengali","Informational","/en/guides/","High","Search-intent expansion for visible educational content and FAQs.","Public-data research: exact monthly volume, CPC, and keyword difficulty not verified."
"Guides, FAQs, and answer-engine content","নেকলেস লেয়ারিং","Bengali","Informational","/en/guides/","High","Search-intent expansion for visible educational content and FAQs.","Public-data research: exact monthly volume, CPC, and keyword difficulty not verified."
"Guides, FAQs, and answer-engine content","earrings style guide Bangladesh","English","Informational","/en/guides/","Medium","Search-intent expansion for visible educational content and FAQs.","Public-data research: exact monthly volume, CPC, and keyword difficulty not verified."
"Guides, FAQs, and answer-engine content","ring size guide Bangladesh","English","Informational","/en/guides/","Medium","Search-intent expansion for visible educational content and FAQs.","Public-data research: exact monthly volume, CPC, and keyword difficulty not verified."
"Guides, FAQs, and answer-engine content","how to care for jewellery","English","Informational","/en/guides/","Medium","Search-intent expansion for visible educational content and FAQs.","Public-data research: exact monthly volume, CPC, and keyword difficulty not verified."
"Guides, FAQs, and answer-engine content","jewellery gift guide Bangladesh","English","Informational","/en/guides/","Medium","Search-intent expansion for visible educational content and FAQs.","Public-data research: exact monthly volume, CPC, and keyword difficulty not verified."
"Guides, FAQs, and answer-engine content","Puja jewellery style guide","English","Informational","/en/guides/","Medium","Search-intent expansion for visible educational content and FAQs.","Public-data research: exact monthly volume, CPC, and keyword difficulty not verified."
"Guides, FAQs, and answer-engine content","bridal jewellery guide Bangladesh","English","Informational","/en/guides/","Medium","Search-intent expansion for visible educational content and FAQs.","Public-data research: exact monthly volume, CPC, and keyword difficulty not verified."
"Guides, FAQs, and answer-engine content","bangles vs bracelets Bangladesh","English","Informational","/en/guides/","Medium","Search-intent expansion for visible educational content and FAQs.","Public-data research: exact monthly volume, CPC, and keyword difficulty not verified."
"Guides, FAQs, and answer-engine content","necklace length guide Bangladesh","English","Informational","/en/guides/","Medium","Search-intent expansion for visible educational content and FAQs.","Public-data research: exact monthly volume, CPC, and keyword difficulty not verified."
"Guides, FAQs, and answer-engine content","jewellery trend Bangladesh 2026","English","Informational","/en/guides/","Medium","Search-intent expansion for visible educational content and FAQs.","Public-data research: exact monthly volume, CPC, and keyword difficulty not verified."
"Guides, FAQs, and answer-engine content","how to layer necklaces","English","Informational","/en/guides/","Medium","Search-intent expansion for visible educational content and FAQs.","Public-data research: exact monthly volume, CPC, and keyword difficulty not verified."
"Guides, FAQs, and answer-engine content","কানের দুল স্টাইল গাইড","Bengali","Informational","/en/guides/","Medium","Search-intent expansion for visible educational content and FAQs.","Public-data research: exact monthly volume, CPC, and keyword difficulty not verified."
"Guides, FAQs, and answer-engine content","আংটির সাইজ গাইড","Bengali","Informational","/en/guides/","Medium","Search-intent expansion for visible educational content and FAQs.","Public-data research: exact monthly volume, CPC, and keyword difficulty not verified."
"Guides, FAQs, and answer-engine content","জুয়েলারি কীভাবে যত্ন নেবেন","Bengali","Informational","/en/guides/","Medium","Search-intent expansion for visible educational content and FAQs.","Public-data research: exact monthly volume, CPC, and keyword difficulty not verified."
"Guides, FAQs, and answer-engine content","জুয়েলারি গিফট গাইড","Bengali","Informational","/en/guides/","Medium","Search-intent expansion for visible educational content and FAQs.","Public-data research: exact monthly volume, CPC, and keyword difficulty not verified."
"Guides, FAQs, and answer-engine content","পূজার জুয়েলারি গাইড","Bengali","Informational","/en/guides/","Medium","Search-intent expansion for visible educational content and FAQs.","Public-data research: exact monthly volume, CPC, and keyword difficulty not verified."
"Guides, FAQs, and answer-engine content","ব্রাইডাল জুয়েলারি গাইড","Bengali","Informational","/en/guides/","Medium","Search-intent expansion for visible educational content and FAQs.","Public-data research: exact monthly volume, CPC, and keyword difficulty not verified."
"Guides, FAQs, and answer-engine content","চুড়ি না ব্রেসলেট","Bengali","Informational","/en/guides/","Medium","Search-intent expansion for visible educational content and FAQs.","Public-data research: exact monthly volume, CPC, and keyword difficulty not verified."
"Guides, FAQs, and answer-engine content","নেকলেস লেন্থ গাইড","Bengali","Informational","/en/guides/","Medium","Search-intent expansion for visible educational content and FAQs.","Public-data research: exact monthly volume, CPC, and keyword difficulty not verified."
"Guides, FAQs, and answer-engine content","জুয়েলারি ট্রেন্ড বাংলাদেশ","Bengali","Informational","/en/guides/","Medium","Search-intent expansion for visible educational content and FAQs.","Public-data research: exact monthly volume, CPC, and keyword difficulty not verified."
"Guides, FAQs, and answer-engine content","নেকলেস লেয়ারিং","Bengali","Informational","/en/guides/","Medium","Search-intent expansion for visible educational content and FAQs.","Public-data research: exact monthly volume, CPC, and keyword difficulty not verified."
